Symbol,Name,Last Sale,Net Change,% Change,Market Cap,Country,IPO Year,Volume,Sector,Industry
AAPL,Apple Inc. Common Stock,$188.85,0.77,0.409%,2916199226850.00,United States,1980,45099228,Technology,Computer Manufacturing
ABNB,Airbnb Inc. Class A Common Stock,$147.595,-2.945,-1.956%,95706215318.00,United States,2020,5004260,Consumer Discretionary,Hotels/Resorts
ACGL,Arch Capital Group Ltd. Common Stock,$83.46,0.70,0.846%,31144927525.00,Bermuda,,1130923,Finance,Property-Casualty Insurers
ADBE,Adobe Inc. Common Stock,$627.21,11.35,1.843%,283498920000.00,United States,1986,2090128,Technology,Computer Software: Prepackaged Software
ADI,Analog Devices Inc. Common Stock,$195.02,0.96,0.495%,96698635282.00,United States,,3183896,Technology,Semiconductors
ADP,Automatic Data Processing Inc. Common Stock,$249.99,-1.09,-0.434%,102693533844.00,United States,,1243348,Technology,EDP Services
ADSK,Autodesk Inc. Common Stock,$266.68,5.17,1.977%,57046938871.00,United States,,1828606,Technology,Computer Software: Prepackaged Software
AEP,American Electric Power Company Inc. Common Stock,$76.66,0.72,0.948%,40313626026.00,United States,,2710300,Utilities,Electric Utilities: Central
AFRM,Affirm Holdings Inc. Class A Common Stock,$43.86,-5.36,-10.89%,13234034556.00,United States,2021,38551419,Consumer Discretionary,Business Services
AGNCL,AGNC Investment Corp. Depositary Shares Each Representing a 1/1000th Interest in a Share of 7.75% Series G Fixed-Rate Reset Cumulative Redeemable Preferred Stock,$23.00,0.00,0.00%,15435434757.00,United States,,7136,Real Estate,Real Estate Investment Trusts
AGNCM,AGNC Investment Corp. Depositary Shares rep 6.875% Series D Fixed-to-Floating Cumulative Redeemable Preferred Stock,$24.55,0.10,0.409%,16475648838.00,United States,,7536,Real Estate,Real Estate Investment Trusts
AGNCN,AGNC Investment Corp. Depositary Shares Each Representing a 1/1000th Interest in a Share of 7.00% Series C Fixed-To-Floating Rate Cumulative Redeemable Preferred Stock,$25.67,-0.05,-0.194%,17227287401.00,United States,,23728,Real Estate,Real Estate Investment Trusts
AGNCO,AGNC Investment Corp. Depositary Shares each representing a 1/1000th interest in a share of 6.50% Series E Fixed-to-Floating Cumulative Redeemable Preferred Stock,$24.37,0.04,0.164%,16354849784.00,United States,,37478,Real Estate,Real Estate Investment Trusts
AGNCP,AGNC Investment Corp. Depositary Shares Each Representing a 1/1000th Interest in a Share of 6.125% Series F Fixed-to-Floating Rate Cumulative Redeemable Preferred Stock,$23.38,0.17,0.732%,15690454983.00,United States,,49831,Real Estate,Real Estate Investment Trusts
AKAM,Akamai Technologies Inc. Common Stock,$128.32,1.54,1.215%,19354706806.00,United States,1999,1704201,Consumer Discretionary,Business Services
ALGN,Align Technology Inc. Common Stock,$296.37,1.37,0.464%,22698715716.00,United States,2001,855515,Health Care,Industrial Specialties
ALNY,Alnylam Pharmaceuticals Inc. Common Stock,$170.03,0.53,0.313%,21337562378.00,United States,2004,481037,Health Care,Biotechnology: Pharmaceutical Preparations
AMAT,Applied Materials Inc. Common Stock,$185.84,11.95,6.872%,154445510793.00,United States,1972,9532509,Technology,Industrial Machinery/Components
AMD,Advanced Micro Devices Inc. Common Stock,$172.48,3.13,1.848%,278690914336.00,United States,,56325216,Technology,Semiconductors
AMGN,Amgen Inc. Common Stock,$291.12,-3.73,-1.265%,155801027220.00,United States,1983,3340828,Health Care,Biotechnology: Biological Products (No Diagnostic Substances)
AMZN,Amazon.com Inc. Common Stock,$174.45,4.61,2.714%,1812078666215.00,United States,1997,56945612,Consumer Discretionary,Catalog/Specialty Distribution
ANSS,ANSYS Inc. Common Stock,$342.28,-3.05,-0.883%,29734823011.00,United States,1996,851468,Technology,Computer Software: Prepackaged Software
APP,Applovin Corporation Class A Common Stock,$46.35,-0.20,-0.43%,15564402862.00,United States,2021,2741501,Technology,EDP Services
ARCC,Ares Capital Corporation Common Stock,$20.07,0.06,0.30%,11686983958.00,United States,2004,3263832,Finance,Finance: Consumer Services
ARGX,argenx SE American Depositary Shares,$401.48,6.59,1.669%,22240328267.00,Netherlands,2017,265675,Health Care,Biotechnology: Biological Products (No Diagnostic Substances)
ARM,Arm Holdings plc American Depositary Shares,$115.21,1.32,1.159%,118117209140.00,United Kingdom,2023,48036728,,
ASML,ASML Holding N.V. New York Registry Shares,$949.60,26.66,2.889%,374702104686.00,Netherlands,1995,1588511,Technology,Industrial Machinery/Components
AVGO,Broadcom Inc. Common Stock,$1283.44,8.68,0.681%,600830331877.00,United States,2009,2628381,Technology,Semiconductors
AXON,Axon Enterprise Inc. Common Stock,$270.98,1.98,0.736%,20305569524.00,United States,2001,247577,Industrials,Ordnance And Accessories
AZN,AstraZeneca PLC American Depositary Shares,$62.26,-1.26,-1.984%,193029576368.00,United Kingdom,,13734390,Health Care,Biotechnology: Pharmaceutical Preparations
AZPN,Aspen Technology Inc. Common Stock,$186.95,-2.86,-1.507%,11880452086.00,United States,,287305,Technology,EDP Services
BGNE,BeiGene Ltd. American Depositary Shares,$146.98,4.10,2.87%,15370689245.00,Cayman Islands,2016,145412,Health Care,Biotechnology: Pharmaceutical Preparations
BIDU,Baidu Inc. ADS,$105.69,2.52,2.443%,36946388760.00,China,2005,1869794,Technology,Computer Software: Programming Data Processing
BIIB,Biogen Inc. Common Stock,$240.98,0.68,0.283%,34917547030.00,United States,,689850,Health Care,Biotechnology: Pharmaceutical Preparations
BKNG,Booking Holdings Inc. Common Stock,$3758.18,-82.04,-2.136%,131122422911.00,United States,,398855,Consumer Discretionary,Transportation Services
BKR,Baker Hughes Company Class A Common Stock,$29.06,-0.26,-0.887%,29085613658.00,United States,,7661066,Industrials,Metal Fabrications
BMRN,BioMarin Pharmaceutical Inc. Common Stock,$88.46,0.31,0.352%,16663048407.00,United States,1999,1355301,Health Care,Biotechnology: Pharmaceutical Preparations
BNTX,BioNTech SE American Depositary Share,$93.14,-0.96,-1.02%,22446180974.00,Germany,2019,709268,Health Care,Biotechnology: Biological Products (No Diagnostic Substances)
BPYPM,Brookfield Property Partners L.P. 6.25% Class A Cumulative Redeemable Preferred Units Series 1,$12.99,-0.06,-0.46%,11634746610.00,Bermuda,,43027,Finance,Real Estate
BPYPN,Brookfield Property Partners L.P. 5.750% Class A Cumulative Redeemable Perpetual Preferred Units Series 3,$11.64,0.059,0.509%,10425592805.00,Bermuda,,226654,Finance,Real Estate
BPYPO,Brookfield Property Partners L.P. 6.375% Class A Cumulative Redeemable Perpetual Preferred Units Series 2,$12.95,0.10,0.778%,11598919831.00,Bermuda,,140418,Finance,Real Estate
BPYPP,Brookfield Property Partners L.P. 6.50% Class A Cumulative Redeemable Perpetual Preferred Units,$13.46,-0.04,-0.296%,12055711268.00,Bermuda,,19602,Finance,Real Estate
BSY,Bentley Systems Incorporated Class B Common Stock,$52.83,0.50,0.955%,15633568241.00,United States,2020,458941,Technology,Retail: Computer Software & Peripheral Equipment
CASY,Casey's General Stores Inc. Common Stock,$286.44,1.42,0.498%,10629402279.00,United States,1983,213616,Miscellaneous,Diversified Commercial Services
CCEP,Coca-Cola Europacific Partners plc Ordinary Shares,$67.15,0.24,0.359%,30811521726.00,United Kingdom,,1805959,Consumer Staples,Beverages (Production/Distribution)
CDNS,Cadence Design Systems Inc. Common Stock,$311.94,4.58,1.49%,84867020280.00,United States,,1573233,Technology,Computer Software: Prepackaged Software
CDW,CDW Corporation Common Stock,$245.23,1.27,0.521%,32851101290.00,United States,2013,884824,Consumer Discretionary,Catalog/Specialty Distribution
CEG,Constellation Energy Corporation Common Stock ,$132.17,1.45,1.109%,42212677174.00,United States,,1245277,Utilities,Electric Utilities: Central
CELH,Celsius Holdings Inc. Common Stock,$58.39,-0.32,-0.545%,13527518023.00,United States,,2518813,Consumer Staples,Beverages (Production/Distribution)
CG,The Carlyle Group Inc. Common Stock,$44.78,-0.83,-1.82%,16156429117.00,United States,2012,1928428,Finance,Investment Managers
CHK,Chesapeake Energy Corporation Common Stock,$76.83,-0.44,-0.569%,10070279200.00,United States,,1923778,Energy,Oil & Gas Production
CHKP,Check Point Software Technologies Ltd. Ordinary Shares,$164.31,1.13,0.692%,19842399455.00,Israel,1996,477420,Technology,Computer Software: Prepackaged Software
CHTR,Charter Communications Inc. Class A Common Stock New,$291.15,8.55,3.025%,42282392388.00,United States,,2083498,Telecommunications,Cable & Other Pay Television Services
CINF,Cincinnati Financial Corporation Common Stock,$108.89,1.29,1.199%,17085681631.00,United States,,647224,Finance,Property-Casualty Insurers
CMCSA,Comcast Corporation Class A Common Stock,$42.07,0.82,1.988%,167096038252.00,United States,,27368101,Telecommunications,Cable & Other Pay Television Services
CME,CME Group Inc. Class A Common Stock,$205.09,1.09,0.534%,73830959448.00,United States,2002,1712148,Finance,Investment Bankers/Brokers/Service
COIN,Coinbase Global Inc. Class A Common Stock,$141.99,9.44,7.122%,33970475786.00,United States,,15963710,Finance,Finance: Consumer Services
COO,The Cooper Companies Inc. Common Stock,$376.60,2.95,0.79%,18711476448.00,United States,,163614,Health Care,Ophthalmic Goods
COST,Costco Wholesale Corporation Common Stock,$723.40,-0.76,-0.105%,321066810807.00,United States,,1425229,Consumer Discretionary,Department/Specialty Retail Stores
CPRT,Copart Inc. (DE) Common Stock,$50.91,-0.05,-0.098%,48885382712.00,United States,1994,3139122,Consumer Discretionary,Retail-Auto Dealers and Gas Stations
CRWD,CrowdStrike Holdings Inc. Class A Common Stock,$329.34,6.30,1.95%,79089291067.00,United States,2019,3866537,Technology,EDP Services
CSCO,Cisco Systems Inc. Common Stock (DE),$50.13,0.18,0.36%,203702035638.00,United States,1990,24070595,Telecommunications,Computer Communications Equipment
CSGP,CoStar Group Inc. Common Stock,$83.13,1.36,1.663%,33947246782.00,United States,1998,4206417,Finance,Real Estate
CSX,CSX Corporation Common Stock,$36.89,-0.18,-0.486%,72899473881.00,United States,,9439170,Industrials,Railroads
CTAS,Cintas Corporation Common Stock,$618.22,1.06,0.172%,62669848546.00,United States,1983,280861,Consumer Discretionary,Business Services
CTSH,Cognizant Technology Solutions Corporation Class A Common Stock,$77.10,-1.20,-1.533%,38658907297.00,United States,1998,5330044,Technology,EDP Services
CYBR,CyberArk Software Ltd. Ordinary Shares,$281.31,19.71,7.534%,11542149300.00,Israel,2014,2352423,Technology,Computer Software: Prepackaged Software
DASH,DoorDash Inc. Class A Common Stock,$119.31,1.01,0.854%,47510281190.00,United States,,3036148,Industrials,Industrial Machinery/Components
DBX,Dropbox Inc. Class A Common Stock,$33.16,0.38,1.159%,11465347881.00,United States,2018,3497555,Technology,Computer Software: Prepackaged Software
DDOG,Datadog Inc. Class A Common Stock,$134.91,3.46,2.632%,44325176429.00,United States,2019,6672359,Technology,Computer Software: Prepackaged Software
DKNG,DraftKings Inc. Class A Common Stock,$43.38,0.57,1.331%,37274520248.00,United States,2019,15635593,Consumer Discretionary,Services-Misc. Amusement & Recreation
DLTR,Dollar Tree Inc. Common Stock,$139.50,-1.40,-0.994%,30393135212.00,United States,1995,2491628,Consumer Discretionary,Department/Specialty Retail Stores
DOCU,DocuSign Inc. Common Stock,$51.18,0.035,0.068%,10437336695.00,United States,2018,3660224,Technology,Computer Software: Prepackaged Software
DOX,Amdocs Limited Ordinary Shares,$89.76,0.26,0.291%,10533140233.00,Guernsey,,683013,Technology,EDP Services
DXCM,DexCom Inc. Common Stock,$120.47,-6.58,-5.179%,46546467949.00,United States,2005,5638376,Health Care,Medical/Dental Instruments
EA,Electronic Arts Inc. Common Stock,$140.61,1.76,1.268%,37592148321.00,United States,,2061523,Technology,Computer Software: Prepackaged Software
EBAY,eBay Inc. Common Stock,$42.43,0.41,0.976%,22021170000.00,United States,1998,5096945,Consumer Discretionary,Catalog/Specialty Distribution
ENPH,Enphase Energy Inc. Common Stock,$122.47,5.59,4.783%,16723427424.00,United States,2012,5430189,Technology,Semiconductors
ENTG,Entegris Inc. Common Stock,$126.93,2.18,1.747%,19059667019.00,United States,2000,1651309,Industrials,Plastic Products
EQIX,Equinix Inc. Common Stock REIT,$855.76,0.43,0.05%,80341678922.00,United States,2000,394248,Real Estate,Real Estate Investment Trusts
ERIC,Ericsson American Depositary Shares,$5.49,0.10,1.855%,18304493025.00,Sweden,,21000738,Technology,Radio And Television Broadcasting And Communications Equipment
ERIE,Erie Indemnity Company Class A Common Stock,$354.71,4.53,1.294%,16384625983.00,United States,,75409,Finance,Specialty Insurers
EVRG,Evergy Inc. Common Stock,$49.08,0.46,0.946%,11274694754.00,United States,,2495924,Utilities,Power Generation
EXAS,Exact Sciences Corporation Common Stock,$60.64,-0.34,-0.558%,10966740604.00,United States,2001,1772518,Health Care,Medical Specialities
EXC,Exelon Corporation Common Stock,$33.84,0.09,0.267%,33685602157.00,United States,,6519855,Utilities,Power Generation
EXPE,Expedia Group Inc. Common Stock,$131.11,-28.36,-17.784%,18204391698.00,United States,,18467066,Consumer Discretionary,Transportation Services
FANG,Diamondback Energy Inc. Common Stock,$151.74,-1.74,-1.134%,27159170395.00,United States,2012,1015142,Energy,Oil & Gas Production
FAST,Fastenal Company Common Stock,$70.02,0.76,1.097%,40067737505.00,United States,1987,2694360,Consumer Discretionary,RETAIL: Building Materials
FCNCA,First Citizens BancShares Inc. Class A Common Stock,$1494.81,16.69,1.129%,21704795165.00,United States,,42673,Finance,Major Banks
FFIV,F5 Inc. Common Stock,$186.61,1.38,0.745%,10973830954.00,United States,1999,384023,Telecommunications,Computer Communications Equipment
FITB,Fifth Third Bancorp Common Stock,$33.65,0.26,0.779%,22916209128.00,United States,,4090947,Finance,Major Banks
FITBI,Fifth Third Bancorp Depositary Shares,$25.60,0.00,0.00%,17434025370.00,United States,,18523,Finance,Major Banks
FITBO,Fifth Third Bancorp Depositary Shares each representing a 1/1000th ownership interest in a share of Non-Cumulative Perpetual Preferred Stock Series K,$23.47,0.15,0.643%,15983459978.00,United States,,5192,Finance,Major Banks
FITBP,Fifth Third Bancorp Depositary Shares each representing 1/40th share of Fifth Third 6.00% Non-Cumulative Perpetual Class B Preferred Stock Series A,$24.92,0.015,0.06%,16970934071.00,United States,,17810,Finance,Major Banks
FIVE,Five Below Inc. Common Stock,$188.95,2.85,1.531%,10428673514.00,United States,2012,728523,Consumer Discretionary,Department/Specialty Retail Stores
FLEX,Flex Ltd. Ordinary Shares,$26.65,1.11,4.346%,11223999733.00,Singapore,1994,7832676,Technology,Electrical Products
FOX,Fox Corporation Class B Common Stock,$27.45,0.83,3.118%,13035350043.00,United States,,1916503,Industrials,Broadcasting
FOXA,Fox Corporation Class A Common Stock,$29.77,0.99,3.44%,14137062688.00,United States,,6355543,Industrials,Broadcasting
FSLR,First Solar Inc. Common Stock,$151.50,8.33,5.818%,16186898118.00,United States,2006,2748282,Technology,Semiconductors
FTNT,Fortinet Inc. Common Stock,$70.44,2.59,3.817%,54091552435.00,United States,2009,7521591,Technology,Computer peripheral equipment
FWONA,Liberty Media Corporation Series A Liberty Formula One Common Stock,$60.17,0.78,1.313%,14113888147.00,United States,,97493,Industrials,Broadcasting
FWONK,Liberty Media Corporation Series C Liberty Formula One Common Stock,$66.61,0.59,0.894%,15624498744.00,United States,,1168259,Consumer Discretionary,Movies/Entertainment
GEHC,GE HealthCare Technologies Inc. Common Stock ,$81.34,-0.72,-0.877%,37038757007.00,United States,,2754969,Technology,Computer Software: Prepackaged Software
GEN,Gen Digital Inc. Common Stock,$21.35,0.48,2.30%,13598027753.00,United States,,6126699,Technology,Computer Software: Prepackaged Software
GFS,GlobalFoundries Inc. Ordinary Shares,$55.94,1.16,2.118%,30641694400.00,United States,2021,2308245,Technology,Semiconductors
GILD,Gilead Sciences Inc. Common Stock,$73.67,-0.13,-0.176%,91795906405.00,United States,1992,10717996,Health Care,Biotechnology: Biological Products (No Diagnostic Substances)
GLPI,Gaming and Leisure Properties Inc. Common Stock,$45.72,0.33,0.727%,12207959176.00,United States,,1574088,Real Estate,Real Estate Investment Trusts
GMAB,Genmab A/S ADS,$27.84,0.05,0.18%,18363701923.00,Denmark,2019,483682,,
GOOG,Alphabet Inc. Class C Capital Stock,$150.22,3.00,2.038%,1867685260000.00,United States,2004,21863750,Technology,Computer Software: Programming Data Processing
GOOGL,Alphabet Inc. Class A Common Stock,$149.00,3.09,2.118%,1852517000000.00,United States,2004,26813210,Technology,Computer Software: Programming Data Processing
GRAB,Grab Holdings Limited Class A Ordinary Shares,$3.43,0.11,3.313%,12862500000.00,Singapore,,21541313,Consumer Discretionary,Business Services
GTLB,GitLab Inc. Class A Common Stock,$77.60,1.41,1.851%,12082320000.00,United States,2021,2025832,Technology,EDP Services
HBAN,Huntington Bancshares Incorporated Common Stock,$12.41,0.09,0.731%,17970611904.00,United States,,14115658,Finance,Major Banks
HBANM,Huntington Bancshares Incorporated Depositary Shares each representing a 1/1000th interest in a share of Huntington Series I Preferred Stock,$22.81,0.35,1.558%,33030592871.00,United States,,17269,Finance,Major Banks
HBANP,Huntington Bancshares Incorporated Depositary Shares 4.500% Series H Non-Cumulative Perpetual Preferred Stock,$18.98,0.10,0.53%,27484465265.00,United States,,25211,Finance,Major Banks
HOLX,Hologic Inc. Common Stock,$73.44,0.01,0.014%,17238682902.00,United States,1990,1534541,Health Care,Medical Electronics
HON,Honeywell International Inc. Common Stock,$194.84,1.38,0.713%,128448395477.00,United States,,3685925,Industrials,Aerospace
HST,Host Hotels & Resorts Inc. Common Stock,$19.58,0.03,0.153%,13812456695.00,United States,,4304341,Real Estate,Real Estate Investment Trusts
IBKR,Interactive Brokers Group Inc. Class A Common Stock,$98.06,2.69,2.821%,10493933654.00,United States,2019,1387981,Finance,Investment Bankers/Brokers/Service
ICLR,ICON plc Ordinary Shares,$278.48,4.64,1.694%,22758375596.00,Ireland,1998,579144,Health Care,Biotechnology: Commercial Physical & Biological Resarch
IDXX,IDEXX Laboratories Inc. Common Stock,$572.21,-1.40,-0.244%,47523014401.00,United States,1991,320643,Health Care,Biotechnology: In Vitro & In Vivo Diagnostic Substances
ILMN,Illumina Inc. Common Stock,$137.84,-5.49,-3.83%,21888992000.00,United States,2000,3727886,Health Care,Medical Specialities
INCY,Incyte Corp. Common Stock,$57.66,0.30,0.523%,12922138663.00,United States,,1761929,Health Care,Biotechnology: Commercial Physical & Biological Resarch
INTC,Intel Corporation Common Stock,$43.31,0.81,1.906%,183114680000.00,United States,,51185832,Technology,Semiconductors
INTU,Intuit Inc. Common Stock,$658.16,5.09,0.779%,184242677760.00,United States,1993,1005071,Technology,Computer Software: Prepackaged Software
ISRG,Intuitive Surgical Inc. Common Stock,$388.22,1.28,0.331%,136779946534.00,United States,2000,1233896,Health Care,Medical/Dental Instruments
JBHT,J.B. Hunt Transport Services Inc. Common Stock,$215.58,2.20,1.031%,22235525902.00,United States,,502632,Industrials,Trucking Freight/Courier Services
JD,JD.com Inc. American Depositary Shares,$22.38,0.33,1.497%,35170359380.00,China,2014,9299730,Consumer Discretionary,Other Specialty Stores
JKHY,Jack Henry & Associates Inc. Common Stock,$175.93,1.88,1.08%,12812665578.00,United States,1985,461664,Technology,EDP Services
KDP,Keurig Dr Pepper Inc. Common Stock,$31.15,-0.34,-1.08%,43558169608.00,United States,,5257412,Consumer Staples,Beverages (Production/Distribution)
KHC,The Kraft Heinz Company Common Stock,$35.97,-0.50,-1.371%,44118596823.00,United States,,8188953,Consumer Staples,Packaged Foods
KLAC,KLA Corporation Common Stock,$649.80,31.31,5.062%,87874826420.00,United States,1980,1246361,Technology,Electronic Components
KRTX,Karuna Therapeutics Inc. Common Stock,$317.14,1.02,0.323%,11964777885.00,United States,2019,469644,Health Care,Biotechnology: Pharmaceutical Preparations
KSPI,Joint Stock Company Kaspi.kz American Depository Shares,$89.61,1.97,2.248%,17018088517.00,Kazakhstan,2024,194510,,
LAMR,Lamar Advertising Company Class A Common Stock,$105.92,0.25,0.237%,10803655805.00,United States,1996,268459,Real Estate,Real Estate Investment Trusts
LECO,Lincoln Electric Holdings Inc. Common Shares,$231.62,1.52,0.661%,13248602852.00,United States,,308104,Industrials,Industrial Machinery/Components
LEGN,Legend Biotech Corporation American Depositary Shares,$60.97,2.25,3.832%,10064149623.00,United States,2020,683626,Health Care,Biotechnology: Pharmaceutical Preparations
LI,Li Auto Inc. American Depositary Shares,$30.71,0.21,0.689%,31676002889.00,China,2020,3916585,Consumer Discretionary,Auto Manufacturing
LIN,Linde plc Ordinary Shares,$419.42,5.42,1.309%,203372767638.00,United States,,1351476,Industrials,Major Chemicals
LKQ,LKQ Corporation Common Stock,$47.94,0.40,0.841%,12828663413.00,United States,2003,965463,Consumer Discretionary,Motor Vehicles
LNT,Alliant Energy Corporation Common Stock,$47.93,0.45,0.948%,12230733640.00,United States,,1507894,Utilities,Power Generation
LOGI,Logitech International S.A. Ordinary Shares,$85.21,0.61,0.721%,13526040269.00,United States,1997,369580,Technology,Computer peripheral equipment
LPLA,LPL Financial Holdings Inc. Common Stock,$248.13,4.32,1.772%,18763727816.00,United States,2010,307172,Finance,Investment Bankers/Brokers/Service
LRCX,Lam Research Corporation Common Stock,$911.58,47.22,5.463%,119510872740.00,United States,1984,1835272,Technology,Industrial Machinery/Components
LSXMB,Liberty Media Corporation Series B Liberty SiriusXM Common Stock,$30.7601,0.00,0.00%,10045569385.00,United States,,15,Consumer Discretionary,Movies/Entertainment
LULU,lululemon athletica inc. Common Stock,$470.24,-2.74,-0.579%,56934207369.00,Canada,2007,1350004,Consumer Discretionary,Apparel
MANH,Manhattan Associates Inc. Common Stock,$250.50,3.48,1.409%,15422336858.00,United States,1998,316533,Technology,Computer Software: Prepackaged Software
MAR,Marriott International Class A Common Stock,$247.02,-2.56,-1.026%,72547636783.00,United States,,1479471,Consumer Discretionary,Hotels/Resorts
MCHP,Microchip Technology Incorporated Common Stock,$85.44,1.09,1.292%,46170746363.00,United States,1993,4905745,Technology,Semiconductors
MDB,MongoDB Inc. Class A Common Stock,$500.90,25.78,5.426%,36153777872.00,United States,2017,2179604,Technology,Computer Software: Prepackaged Software
MDLZ,Mondelez International Inc. Class A Common Stock,$73.17,-1.59,-2.127%,98521752163.00,United States,,7424876,Consumer Staples,Packaged Foods
MEDP,Medpace Holdings Inc. Common Stock,$326.39,7.96,2.50%,10014766676.00,United States,2016,364488,Health Care,Biotechnology: Commercial Physical & Biological Resarch
MELI,MercadoLibre Inc. Common Stock,$1742.26,9.43,0.544%,88087858934.00,Argentina,2007,379797,Consumer Discretionary,Catalog/Specialty Distribution
META,Meta Platforms Inc. Class A Common Stock,$468.11,-1.89,-0.402%,1193402024170.00,United States,2012,18398577,Technology,Computer Software: Programming Data Processing
MNDY,monday.com Ltd. Ordinary Shares,$235.92,8.85,3.897%,11262820800.00,Israel,2021,2287841,Technology,Computer Software: Prepackaged Software
MNST,Monster Beverage Corporation,$55.66,-0.83,-1.469%,57910965430.00,United States,,3893897,Consumer Staples,Beverages (Production/Distribution)
MORN,Morningstar Inc. Common Stock,$281.63,4.86,1.756%,12025544111.00,United States,2005,112415,Finance,Investment Managers
MPWR,Monolithic Power Systems Inc. Common Stock,$752.31,15.24,2.068%,36044676720.00,United States,2004,661617,Technology,Semiconductors
MRNA,Moderna Inc. Common Stock,$87.41,-6.25,-6.673%,33328034090.00,United States,2018,7208453,Health Care,Biotechnology: Biological Products (No Diagnostic Substances)
MRVL,Marvell Technology Inc. Common Stock,$68.83,-2.19,-3.084%,59503535000.00,United States,2000,21874732,Technology,Semiconductors
MSFT,Microsoft Corporation Common Stock,$420.55,6.44,1.555%,3124869956106.00,United States,1986,22012871,Technology,Computer Software: Prepackaged Software
MU,Micron Technology Inc. Common Stock,$85.56,0.68,0.801%,94450443773.00,United States,,12157985,Technology,Semiconductors
NBIX,Neurocrine Biosciences Inc. Common Stock,$132.30,-2.12,-1.577%,12998729413.00,United States,1996,693315,Health Care,Biotechnology: Biological Products (No Diagnostic Substances)
NDAQ,Nasdaq Inc. Common Stock,$57.25,0.49,0.863%,33031221633.00,United States,,1296628,Finance,Investment Bankers/Brokers/Service
NDSN,Nordson Corporation Common Stock,$263.63,1.76,0.672%,15057359792.00,United States,,149142,Industrials,Industrial Machinery/Components
NFLX,Netflix Inc. Common Stock,$561.32,2.79,0.50%,242916609691.00,United States,2002,3051557,Consumer Discretionary,Consumer Electronics/Video Chains
NICE,NICE Ltd American Depositary Shares,$221.10,2.73,1.25%,14069696510.00,Israel,,218082,Technology,Computer Software: Prepackaged Software
NTAP,NetApp Inc. Common Stock,$89.85,0.93,1.046%,18511889573.00,United States,1995,1405533,Technology,Electronic Components
NTES,NetEase Inc. American Depositary Shares,$106.62,1.93,1.844%,68740549540.00,China,,611556,Technology,Computer Software: Prepackaged Software
NTNX,Nutanix Inc. Class A Common Stock,$58.15,-0.46,-0.785%,14112405822.00,United States,2016,2317297,Technology,EDP Services
NTRS,Northern Trust Corporation Common Stock,$79.64,1.17,1.491%,16488376507.00,United States,,1282849,Finance,Major Banks
NVDA,NVIDIA Corporation Common Stock,$721.33,24.92,3.578%,1781685100000.00,United States,1999,43533669,Technology,Semiconductors
NXPI,NXP Semiconductors N.V. Common Stock,$233.55,5.72,2.511%,60200618949.00,Netherlands,2010,2621425,Technology,Semiconductors
ODFL,Old Dominion Freight Line Inc. Common Stock,$435.33,0.17,0.039%,47500446996.00,United States,1991,805086,Industrials,Trucking Freight/Courier Services
OKTA,Okta Inc. Class A Common Stock,$87.85,3.17,3.744%,14525582936.00,United States,2017,1822474,Technology,EDP Services
ON,ON Semiconductor Corporation Common Stock,$80.80,0.09,0.112%,34528155082.00,United States,,6266128,Technology,Semiconductors
ORLY,O'Reilly Automotive Inc. Common Stock,$1025.82,4.99,0.489%,60689742359.00,United States,1993,553552,Consumer Discretionary,Auto & Home Supply Stores
OTEX,Open Text Corporation Common Shares,$41.86,0.76,1.849%,11387784654.00,Canada,1996,528294,,
PAA,Plains All American Pipeline L.P. Common Units representing Limited Partner Interests,$15.40,0.05,0.326%,10795284685.00,United States,1998,7693045,Energy,Natural Gas Distribution
PANW,Palo Alto Networks Inc. Common Stock,$376.90,9.88,2.692%,118836570000.00,United States,,3495185,Technology,Computer peripheral equipment
PARAA,Paramount Global Class A Common Stock,$20.75,0.22,1.072%,13516682551.00,United States,,130600,Industrials,Broadcasting
PARAP,Paramount Global 5.75% Series A Mandatory Convertible Preferred Stock,$16.57,-0.14,-0.838%,10793803849.00,United States,,41099,Industrials,Broadcasting
PAYX,Paychex Inc. Common Stock,$123.03,0.28,0.228%,44268879253.00,United States,1983,1714784,Consumer Discretionary,Diversified Commercial Services
PCAR,PACCAR Inc. Common Stock,$106.01,0.40,0.379%,55451270010.00,United States,,1474674,Consumer Discretionary,Auto Manufacturing
PDD,PDD Holdings Inc. American Depositary Shares,$127.48,0.825,0.651%,175046760787.00,China,2018,3110436,Consumer Discretionary,Business Services
PEP,PepsiCo Inc. Common Stock,$167.67,-6.18,-3.555%,230523440341.00,United States,,12729156,Consumer Staples,Beverages (Production/Distribution)
PFG,Principal Financial Group Inc Common Stock,$78.20,0.44,0.566%,18643827237.00,United States,2001,843159,Finance,Specialty Insurers
PODD,Insulet Corporation Common Stock,$192.55,-4.09,-2.08%,13445308038.00,United States,2007,859403,Health Care,Medical/Dental Instruments
POOL,Pool Corporation Common Stock,$386.65,-0.69,-0.178%,14955300694.00,United States,1995,216081,Consumer Discretionary,Industrial Specialties
PTC,PTC Inc. Common Stock,$183.10,1.56,0.859%,21890045356.00,United States,,537772,Technology,Computer Software: Prepackaged Software
PYPL,PayPal Holdings Inc. Common Stock,$58.91,2.78,4.953%,63513240596.00,United States,,31359436,Consumer Discretionary,Business Services
QCOM,QUALCOMM Incorporated Common Stock,$151.00,2.82,1.903%,168516000000.00,United States,1991,11980195,Technology,Computer peripheral equipment
QRTEP,Qurate Retail Inc. 8.0% Fixed Rate Cumulative Redeemable Preferred Stock,$40.60,0.60,1.50%,15809535252.00,United States,,16576,Consumer Discretionary,Catalog/Specialty Distribution
QRVO,Qorvo Inc. Common Stock,$112.32,-0.30,-0.266%,10844322803.00,United States,,1133034,Technology,Semiconductors
REG,Regency Centers Corporation Common Stock,$61.32,-0.82,-1.32%,11318505755.00,United States,1993,2364390,Real Estate,Real Estate Investment Trusts
REGN,Regeneron Pharmaceuticals Inc. Common Stock,$953.42,6.99,0.739%,104649186884.00,United States,1991,613774,Health Care,Biotechnology: Pharmaceutical Preparations
RGEN,Repligen Corporation Common Stock,$205.00,1.01,0.495%,11445562665.00,United States,1986,369891,Health Care,Biotechnology: Biological Products (No Diagnostic Substances)
RIVN,Rivian Automotive Inc. Class A Common Stock,$16.68,0.57,3.538%,15974729435.00,United States,2021,41630279,Consumer Discretionary,Auto Manufacturing
ROKU,Roku Inc. Class A Common Stock,$95.80,1.10,1.162%,13651100706.00,United States,2017,3974931,Telecommunications,Cable & Other Pay Television Services
ROP,Roper Technologies Inc. Common Stock,$550.26,4.92,0.902%,58779938100.00,United States,1992,388033,Industrials,Industrial Machinery/Components
ROST,Ross Stores Inc. Common Stock,$145.87,-0.19,-0.13%,49109508221.00,United States,1985,1283021,Consumer Discretionary,Clothing/Shoe/Accessory Stores
RPRX,Royalty Pharma plc Class A Ordinary Shares ,$29.26,0.56,1.951%,17480862807.00,United States,2020,3612671,Health Care,Biotechnology: Pharmaceutical Preparations
RYAAY,Ryanair Holdings plc American Depositary Shares,$139.87,0.88,0.633%,159425298551.00,Ireland,1997,722295,Consumer Discretionary,Air Freight/Delivery Services
SAIA,Saia Inc. Common Stock,$565.265,12.165,2.199%,15006619608.00,United States,,379477,Industrials,Trucking Freight/Courier Services
SBAC,SBA Communications Corporation Class A Common Stock,$217.45,1.25,0.578%,23460034891.00,United States,1999,1035254,Real Estate,Real Estate Investment Trusts
SBUX,Starbucks Corporation Common Stock,$97.30,0.71,0.735%,110163060000.00,United States,1992,9385164,Consumer Discretionary,Restaurants
SIRI,Sirius XM Holdings Inc. Common Stock,$4.90,-0.09,-1.804%,18828063771.00,United States,,15338964,Consumer Discretionary,Broadcasting
SLMBP,SLM Corporation Floating Rate Non-Cumulative Preferred Stock Series B,$71.52,-0.13,-0.181%,16182905997.00,United States,,3925,Finance,Finance: Consumer Services
SMCI,Super Micro Computer Inc. Common Stock,$740.29,42.29,6.059%,41406884866.00,United States,2020,10744856,Technology,Computer Manufacturing
SNPS,Synopsys Inc. Common Stock,$575.30,4.61,0.808%,87438050913.00,United States,1992,999369,Technology,EDP Services
SNY,Sanofi ADS,$46.50,-0.06,-0.129%,117257723076.00,France,,2694224,Health Care,Biotechnology: Pharmaceutical Preparations
SPLK,Splunk Inc. Common Stock,$154.54,0.29,0.188%,26039990000.00,United States,2012,1337951,Technology,Computer Software: Prepackaged Software
SRPT,Sarepta Therapeutics Inc. Common Stock (DE),$126.87,-0.51,-0.40%,11868267418.00,United States,,775106,Health Care,Biotechnology: Pharmaceutical Preparations
SSNC,SS&C Technologies Holdings Inc. Common Stock,$60.97,0.54,0.894%,15091032778.00,United States,2010,998857,Technology,Computer Software: Prepackaged Software
STLD,Steel Dynamics Inc.,$124.99,0.15,0.12%,20225440585.00,United States,1996,1153441,Industrials,Steel/Iron Ore
STX,Seagate Technology Holdings PLC Ordinary Shares (Ireland),$89.41,1.73,1.973%,18732354280.00,Ireland,2002,1536667,Technology,Electronic Components
SWKS,Skyworks Solutions Inc. Common Stock,$105.05,0.46,0.44%,16831729850.00,United States,,1525342,Technology,Semiconductors
SYM,Symbotic Inc. Class A Common Stock,$46.71,3.72,8.653%,26778650742.00,United States,2021,2800215,Industrials,Industrial Machinery/Components
TCOM,Trip.com Group Limited American Depositary Shares,$39.59,0.60,1.539%,25577785800.00,China,2003,2002769,Consumer Discretionary,Business Services
TEAM,Atlassian Corporation Class A Common Stock,$218.76,6.47,3.048%,56747831130.00,Australia,2015,2075556,Technology,Computer Software: Prepackaged Software
TECH,Bio-Techne Corp Common Stock,$67.95,0.05,0.074%,10681174996.00,United States,,908290,Health Care,Biotechnology: Biological Products (No Diagnostic Substances)
TER,Teradyne Inc. Common Stock,$102.31,3.84,3.90%,15641022662.00,United States,,1653906,Industrials,Electrical Products
TMUS,T-Mobile US Inc. Common Stock,$162.19,1.26,0.783%,192498051989.00,United States,,4475532,Telecommunications,Telecommunications Equipment
TPG,TPG Inc. Class A Common Stock,$44.53,1.10,2.533%,13770864293.00,United States,2022,961767,Finance,Investment Managers
TRMB,Trimble Inc. Common Stock,$52.51,0.43,0.826%,13062784838.00,United States,1990,1594129,Industrials,Industrial Machinery/Components
TROW,T. Rowe Price Group Inc. Common Stock,$106.33,-2.58,-2.369%,23761599551.00,United States,1986,2454982,Finance,Investment Bankers/Brokers/Service
TSCO,Tractor Supply Company Common Stock,$235.08,3.25,1.402%,25415487076.00,United States,1994,992528,Consumer Discretionary,RETAIL: Building Materials
TSLA,Tesla Inc. Common Stock,$193.57,4.01,2.115%,616479880632.00,United States,2010,84326109,Consumer Discretionary,Auto Manufacturing
TTD,The Trade Desk Inc. Class A Common Stock,$71.31,1.14,1.625%,34963079997.00,United States,2016,5427434,Technology,Computer Software: Programming Data Processing
TTWO,Take-Two Interactive Software Inc. Common Stock,$154.91,-14.69,-8.662%,26345175014.00,United States,1997,6602583,Technology,Computer Software: Prepackaged Software
TW,Tradeweb Markets Inc. Class A Common Stock,$102.39,1.36,1.346%,24034973105.00,United States,2019,800534,Finance,Investment Bankers/Brokers/Service
TXN,Texas Instruments Incorporated Common Stock,$162.40,2.19,1.367%,147668318095.00,United States,,3917027,Technology,Semiconductors
UAL,United Airlines Holdings Inc. Common Stock,$42.33,0.71,1.706%,13884861404.00,United States,,9207561,Consumer Discretionary,Air Freight/Delivery Services
ULTA,Ulta Beauty Inc. Common Stock,$522.63,3.51,0.676%,25379705630.00,United States,2007,489507,Consumer Discretionary,Other Specialty Stores
VFS,VinFast Auto Ltd. Ordinary Shares,$5.25,-0.06,-1.13%,12112646149.00,Singapore,,1197458,Finance,Blank Checks
VLYPO,Valley National Bancorp 5.50% Fixed-to-Floating Rate Non-Cumulative Perpetual Preferred Stock Series B,$22.12,1.05,4.983%,11229971827.00,United States,,30405,Finance,Major Banks
VLYPP,Valley National Bancorp 6.25% Fixed-to-Floating Rate Non-Cumulative Perpetual Preferred Stock Series A,$19.75,0.00,0.00%,10026760560.00,United States,,46222,Finance,Major Banks
VOD,Vodafone Group Plc American Depositary Shares,$8.06,-0.10,-1.225%,21825178229.00,United Kingdom,,8507977,Telecommunications,Telecommunications Equipment
VRSK,Verisk Analytics Inc. Common Stock,$250.61,1.35,0.542%,36335081300.00,United States,2009,722369,Consumer Discretionary,Business Services
VRSN,VeriSign Inc. Common Stock,$198.38,-2.64,-1.313%,20254598000.00,United States,1998,1484767,Technology,EDP Services
VRTX,Vertex Pharmaceuticals Incorporated Common Stock,$422.91,-0.15,-0.035%,108976795345.00,United States,1991,1169152,Health Care,Biotechnology: Pharmaceutical Preparations
VTRS,Viatris Inc. Common Stock,$11.68,0.12,1.038%,14012157280.00,United States,,6460852,Health Care, Medicinal Chemicals and Botanical Products 
WBA,Walgreens Boots Alliance Inc. Common Stock,$22.24,-0.30,-1.331%,19179231720.00,United States,,8943408,Consumer Staples,Retail-Drug Stores and Proprietary Stores
WBD,Warner Bros. Discovery Inc. Series A Common Stock ,$9.64,-0.19,-1.933%,23507772750.00,United States,,22845490,Telecommunications,Cable & Other Pay Television Services
WDAY,Workday Inc. Class A Common Stock,$304.89,6.24,2.089%,80186070000.00,United States,,1891846,Technology,EDP Services
WDC,Western Digital Corporation Common Stock,$56.82,-0.30,-0.525%,18423496578.00,United States,,6517959,Technology,Electronic Components
WMG,Warner Music Group Corp. Class A Common Stock,$35.71,0.42,1.19%,18492804669.00,United States,2020,1652946,Consumer Discretionary,Services-Misc. Amusement & Recreation
WTW,Willis Towers Watson Public Limited Company Ordinary Shares,$271.86,1.75,0.648%,28072374247.00,United Kingdom,2001,568252,Finance,Specialty Insurers
WYNN,Wynn Resorts Limited Common stock,$105.60,-0.51,-0.481%,11927096861.00,United States,2002,2487949,Consumer Discretionary,Hotels/Resorts
XEL,Xcel Energy Inc. Common Stock,$58.17,0.17,0.293%,32099155276.00,United States,,2732746,Utilities,Power Generation
XP,XP Inc. Class A Common Stock,$24.95,0.29,1.176%,13984941565.00,Brazil,2019,3866207,Finance,Investment Bankers/Brokers/Service
Z,Zillow Group Inc. Class C Capital Stock,$54.95,-1.33,-2.363%,12836493532.00,United States,,4124819,Consumer Discretionary,Business Services
ZBRA,Zebra Technologies Corporation Class A Common Stock,$253.09,5.97,2.416%,12998602176.00,United States,1991,328609,Industrials,Industrial Machinery/Components
ZG,Zillow Group Inc. Class A Common Stock,$53.26,-1.21,-2.221%,12441704195.00,United States,2011,603863,Consumer Discretionary,Business Services
ZM,Zoom Video Communications Inc. Class A Common Stock,$65.70,1.80,2.817%,20000624016.00,United States,2019,4301799,Technology,Computer Software: Programming Data Processing
ZS,Zscaler Inc. Common Stock,$254.93,5.52,2.213%,37814645134.00,United States,2018,2502211,Technology,EDP Services
